"Designator","Footprint","Mid X","Mid Y","Ref X","Ref Y","Pad X","Pad Y","Layer","Rotation","Comment"
""
"J100","ARR_100X100X32P","1372mil","1926mil","1222mil","2276mil","1222mil","2276mil","T","0.00","ARR_32P"
"J13","HDR1X3","3135mil","2673mil","3035mil","2673mil","3035mil","2673mil","T","360.00","3-WAY JUMPER"
"U6","SOT230P700X180-4L","2861mil","1618mil","2861mil","1618mil","2977.142mil","1708.551mil","B","180.00","AP2114H-3.3TRG1"
"C34","CAPC0603(1608)55_L","2761mil","1456mil","2761mil","1456mil","2733.441mil","1456mil","B","360.00","CAP 4.7uF 10V 0603(1608)"
"C33","CAPC0603(1608)55_L","2895mil","1456mil","2895mil","1456mil","2867.441mil","1456mil","B","360.00","CAP 4.7uF 10V 0603(1608)"
"U4","LDC08A","3327mil","1207mil","3327mil","1207mil","3391.961mil","1254.244mil","B","180.00","LM1086ILD-3.3/NOPB"
"C32","CAPC0402(1005)33_L","2385mil","2024mil","2385mil","2024mil","2385mil","2039.748mil","B","270.00","CAP 10nF 16V 0402(1005)"
"C31","CAPC0402(1005)33_L","2033mil","2053mil","2033mil","2053mil","2033mil","2068.748mil","B","270.00","CAP 10nF 16V 0402(1005)"
"C30","CAPC0402(1005)60_L","2068mil","2053mil","2068mil","2053mil","2068mil","2068.748mil","B","270.00","CAP 100nF 16V 0402(1005)"
"C25","CAPC0402(1005)60_L","2420mil","2024mil","2420mil","2024mil","2420mil","2039.748mil","B","270.00","CAP 100nF 16V 0402(1005)"
"U3","TI-DBQ16_N","3135mil","2340mil","3135mil","2340mil","3237.362mil","2252.5mil","T","180.00","SN74CBTLV3257DBQR"
"U2","SPANSION-SOIC127P600X175-8M","3133mil","2086mil","3133mil","2086mil","3238.315mil","2011mil","T","180.00","S25FL216K0PMFI041"
"R8","RESC0402(1005)40_L","3105mil","2058mil","3105mil","2058mil","3105mil","2075.716mil","B","270.00","4K7"
"R7","RESC0402(1005)40_L","3161mil","2058mil","3161mil","2058mil","3161mil","2075.716mil","B","270.00","4K7"
"C22","CAPC0402(1005)60_L","3017mil","2222mil","3017mil","2222mil","3032.748mil","2222mil","T","180.00","CAP 100nF 16V 0402(1005)"
"C1","CAPC0402(1005)60_L","3043mil","1948mil","3043mil","1948mil","3027.252mil","1948mil","T","0.00","CAP 100nF 16V 0402(1005)"
"D1","DO-214AC","3326mil","1366mil","3326mil","1366mil","3255.528mil","1366mil","B","360.00","S1G"
"C24","AVX-CAPC3528_V","3516mil","1299mil","3516mil","1299mil","3516mil","1236.008mil","B","90.00","TAJB106K020R"
"C23","AVX-CAPC3528_V","3138mil","1297mil","3138mil","1297mil","3138mil","1234.008mil","B","90.00","TAJB106K020R"
"R22","RESC0402(1005)40_L","2735.716mil","2426mil","2735.716mil","2426mil","2718mil","2426mil","T","360.00","330R 1 0402"
"R21","RESC0402(1005)40_L","2730mil","1703mil","2730mil","1703mil","2712.284mil","1703mil","T","360.00","4K7 1 0402"
"R6","RESC0402(1005)40_L","2571mil","1713mil","2571mil","1713mil","2571mil","1730.716mil","B","270.00","4K7 1 0402"
"R5","RESC0402(1005)40_L","2730mil","1750mil","2730mil","1750mil","2712.284mil","1750mil","T","0.00","4K7 1 0402"
"R4","RESC0402(1005)40_L","2555mil","2145mil","2555mil","2145mil","2555mil","2127.284mil","B","90.00","1K 1 0402"
"R3","RESC0402(1005)40_L","2736mil","2336mil","2736mil","2336mil","2753.716mil","2336mil","T","180.00","100R 1 0402"
"R2","RESC0402(1005)40_L","2556mil","2323mil","2556mil","2323mil","2556mil","2340.716mil","B","270.00","4K7 1 0402"
"R1","RESC0402(1005)40_L","2737mil","2387mil","2737mil","2387mil","2719.284mil","2387mil","T","360.00","100R 1 0402"
"C29","CAPC0402(1005)60_L","2729mil","1808mil","2729mil","1808mil","2744.748mil","1808mil","T","180.00","CAP 470nF 10V 0402(1005)"
"C28","CAPC0402(1005)60_L","2579mil","1559mil","2579mil","1559mil","2579mil","1543.252mil","T","90.00","CAP 470nF 10V 0402(1005)"
"C27","CAPC0402(1005)60_L","1827mil","2097mil","1827mil","2097mil","1827mil","2112.748mil","B","270.00","CAP 470nF 10V 0402(1005)"
"C26","CAPC0402(1005)60_L","2272mil","2558mil","2272mil","2558mil","2256.252mil","2558mil","B","360.00","CAP 470nF 10V 0402(1005)"
"C21","CAPC0603(1608)55_L","2236mil","1544mil","2236mil","1544mil","2236mil","1516.441mil","T","90.00","CAP 4.7uF 10V 0603(1608)"
"C20","CAPC0402(1005)60_L","1939mil","1549mil","1939mil","1549mil","1939mil","1533.252mil","T","90.00","CAP 470nF 10V 0402(1005)"
"C19","CAPC0402(1005)60_L","2468mil","1559mil","2468mil","1559mil","2468mil","1543.252mil","T","90.00","CAP 470nF 10V 0402(1005)"
"C18","CAPC0603(1608)55_L","2744mil","2043mil","2744mil","2043mil","2771.559mil","2043mil","T","180.00","CAP 4.7uF 10V 0603(1608)"
"C17","CAPC0402(1005)60_L","2642mil","2209mil","2642mil","2209mil","2642mil","2193.252mil","B","90.00","CAP 470nF 10V 0402(1005)"
"C16","CAPC0402(1005)60_L","2730mil","2002mil","2730mil","2002mil","2745.748mil","2002mil","T","180.00","CAP 470nF 10V 0402(1005)"
"C15","CAPC0603(1608)55_L","1707mil","1997mil","1707mil","1997mil","1707mil","2024.559mil","B","270.00","CAP 4.7uF 10V 0603(1608)"
"C14","CAPC0603(1608)55_L","1870mil","2098mil","1870mil","2098mil","1870mil","2070.441mil","B","90.00","CAP 4.7uF 10V 0603(1608)"
"C13","CAPC0603(1608)55_L","1985mil","1536mil","1985mil","1536mil","1985mil","1563.559mil","T","270.00","CAP 4.7uF 10V 0603(1608)"
"C12","CAPC0603(1608)55_L","2479mil","2539mil","2479mil","2539mil","2506.559mil","2539mil","T","180.00","CAP 4.7uF 10V 0603(1608)"
"C11","CAPC0603(1608)55_L","1812mil","1990mil","1812mil","1990mil","1812mil","2017.559mil","B","270.00","CAP 4.7uF 10V 0603(1608)"
"C10","CAPC0603(1608)55_L","2522mil","1544mil","2522mil","1544mil","2522mil","1571.559mil","T","270.00","CAP 4.7uF 10V 0603(1608)"
"C9","CAPC0603(1608)55_L","1812mil","1872mil","1812mil","1872mil","1812mil","1899.559mil","B","270.00","CAP 4.7uF 10V 0603(1608)"
"C8","CAPC0603(1608)55_L","2187mil","1544mil","2187mil","1544mil","2187mil","1571.559mil","T","270.00","CAP 4.7uF 10V 0603(1608)"
"C7","CAPC0603(1608)55_L","2510mil","2005mil","2510mil","2005mil","2537.559mil","2005mil","B","180.00","CAP 4.7uF 10V 0603(1608)"
"C6","CAPC0603(1608)55_L","2414mil","1544mil","2414mil","1544mil","2414mil","1571.559mil","T","270.00","CAP 4.7uF 10V 0603(1608)"
"C5","CAPC0603(1608)55_L","2207mil","2474mil","2207mil","2474mil","2234.559mil","2474mil","B","180.00","CAP 4.7uF 10V 0603(1608)"
"C4","CAPC0402(1005)60_L","1964.252mil","2473.354mil","1964.252mil","2473.354mil","1948.504mil","2473.354mil","B","360.00","CAP 470nF 10V 0402(1005)"
"C3","CAPC0402(1005)60_L","2331mil","2471mil","2331mil","2471mil","2346.748mil","2471mil","B","180.00","CAP 470nF 10V 0402(1005)"
"C2","CAPC0603(1608)55_L","2744mil","1849mil","2744mil","1849mil","2716.441mil","1849mil","T","360.00","CAP 4.7uF 10V 0603(1608)"
"J8","1X08","2600mil","3000mil","2600mil","3000mil","2950mil","3000mil","T","180.00","Header 8"
"J9","1X10@1","1640mil","3000mil","1640mil","3000mil","2090mil","3000mil","T","180.00","Header 10"
"J6","1X06","2700mil","1100mil","2700mil","1100mil","2450mil","1100mil","T","0.00","Header 6"
"J7","1X08","1900mil","1100mil","1900mil","1100mil","1550mil","1100mil","T","0.00","Header 8"
"U1","TQG144_N","2226.59mil","2054.591mil","2226.591mil","2054.591mil","1882.102mil","1639.236mil","T","90.00","XC6SLX9-2TQG144C"
"C101","CAPC0402(1005)60_L","2478mil","2341mil","2478mil","2341mil","2462.252mil","2341mil","B","360.00","CAP 100nF 16V 0402(1005)"
"R13","RESC0402(1005)40_L","2535mil","2084mil","2535mil","2084mil","2552.716mil","2084mil","B","180.00","33R 1 0402"
"R14","RESC0402(1005)40_L","3297mil","2236mil","3297mil","2236mil","3297mil","2218.284mil","T","90.00","4K7 1 0402"
"X2","HOSC-L500HW320H105-4_2","2443mil","2217mil","2443mil","2217mil","2486.307mil","2266.213mil","B","270.00","KC5032A20.0000CM0E00"
"J11","KLD-0202","3442.677mil","1712.425mil","3860mil","1614mil","3320.63mil","1614mil","T","180.00","PWR CONNECTOR"
"J12","HDR1X3","2867mil","1375mil","2967mil","1375mil","2967mil","1375mil","T","180.00","3-WAY JUMPER"
"J5","HDR2X5","1387mil","2688mil","1187mil","2638mil","1187mil","2638mil","T","360.00","Header 5X2"
"J10","2X03","3500mil","2050mil","3500mil","2050mil","3550mil","1950mil","T","90.00","Header 3X2"
"U5","ISSI-TF-BGA-48-6000X8000DE","2226.472mil","2054mil","2226.472mil","2054mil","2152.654mil","1950.653mil","B","360.00","IS61WV12816DBLL-10BLI"
"C38","CAPC0402(1005)33_L","2421mil","1326mil","2421mil","1326mil","2405.252mil","1326mil","B","360.00","CAP 10nF 16V 0402(1005)"
"C36","CAPC0402(1005)60_L","2688mil","1375mil","2688mil","1375mil","2688mil","1359.252mil","B","90.00","CAP 1uF 16V 0402(1005)"
"C37","CAPC0603(1608)55_L","2408mil","1402mil","2408mil","1402mil","2380.441mil","1402mil","B","360.00","CAP 2.2uF 16V 0603(1608)"
"U7","ONSC-SOT23-5_M","2558mil","1363mil","2558mil","1363mil","2607.213mil","1400.402mil","B","180.00","CAT6219-125TDGT3"
"R29","RESC0402(1005)40_L","1447mil","2543.716mil","1447mil","2543.717mil","1447mil","2561.433mil","T","270.00","33R 1 0402"
"R27","RESC0402(1005)40_L","1366mil","2542.716mil","1366mil","2542.717mil","1366mil","2560.433mil","T","270.00","33R 1 0402"
"R26","RESC0402(1005)40_L","1286mil","2543mil","1286mil","2543mil","1286mil","2560.716mil","T","270.00","33R 1 0402"
"R24","RESC0402(1005)40_L","1206mil","2543mil","1206mil","2543mil","1206mil","2560.716mil","T","270.00","33R 1 0402"
"R20","RESC0402(1005)40_L","1487mil","2543.716mil","1487mil","2543.717mil","1487mil","2561.433mil","T","270.00","4K7 1 0402"
"R19","RESC0402(1005)40_L","1406mil","2542.716mil","1406mil","2542.717mil","1406mil","2560.433mil","T","270.00","4K7 1 0402"
"R18","RESC0402(1005)40_L","1326mil","2543mil","1326mil","2543mil","1326mil","2560.716mil","T","270.00","4K7 1 0402"
"R17","RESC0402(1005)40_L","1246mil","2543mil","1246mil","2543mil","1246mil","2560.716mil","T","270.00","4K7 1 0402"
"R9","RESC0402(1005)40_L","1187mil","2830mil","1187mil","2830mil","1187mil","2812.284mil","T","90.00","33R 1 0402"
"R10","RESC0402(1005)40_L","1287mil","2830mil","1287mil","2830mil","1287mil","2812.284mil","T","90.00","33R 1 0402"
"R11","RESC0402(1005)40_L","1387mil","2830mil","1387mil","2830mil","1387mil","2812.284mil","T","90.00","33R 1 0402"
"R12","RESC0402(1005)40_L","1487mil","2830mil","1487mil","2830mil","1487mil","2812.284mil","T","90.00","33R 1 0402"
"J1","HEADER_10X2","1670.472mil","1370.898mil","1220.472mil","1318.898mil","1220.472mil","1320.898mil","T","360.00","Header 10X2"

